{"cameraMode":{"drawMode":0,"name":"Shaded","section":"Shading Mode"},"sceneLighting":true,"audioPlay":false,"sceneViewState":{"showFog":true,"showMaterialUpdate":false,"showSkybox":true,"showFlares":true,"showImageEffects":true,"showParticleSystems":true},"in2DMode":false,"pivot":{"x":-2130.90625,"y":-80.562255859375,"z":3464.78759765625},"rotation":{"x":0.051277756690979007,"y":-0.011986919678747654,"z":-0.0005759177729487419,"w":-0.998657763004303},"size":11.925186157226563,"orthographic":false}