{"cameraMode":{"drawMode":0,"name":"Shaded","section":"Shading Mode"},"sceneLighting":false,"audioPlay":false,"sceneViewState":{"showFog":true,"showMaterialUpdate":false,"showSkybox":false,"showFlares":true,"showImageEffects":true,"showParticleSystems":true},"in2DMode":false,"pivot":{"x":0.7746994495391846,"y":-0.5114206075668335,"z":0.46156615018844607},"rotation":{"x":0.09645912796258927,"y":0.5517041683197022,"z":-0.06471919268369675,"w":0.8260495066642761},"size":1.4568612575531006,"orthographic":false}